{
  "generated_at_utc": "2026-05-02T12:12:18.917533+00:00",
  "data": {
    "total_samples": 3637,
    "class_distribution": {
      "other": 2338,
      "journal": 322,
      "year": 394,
      "author": 304,
      "title": 271,
      "doi": 8
    },
    "domain_distribution_top10": {
      "link.springer.com": 2328,
      "arxiv.org": 756,
      "cs.cornell.edu": 317,
      "ieeexplore.ieee.org": 118,
      "researchrepository.wvu.edu": 75,
      "dspace.mit.edu": 43
    },
    "split_strategy": "group_by_domain"
  },
  "models": {
    "logreg_balanced": {
      "summary": {
        "accuracy": 0.047530288909599254,
        "f1_macro": 0.015482695810564663,
        "f1_weighted": 0.004415382029853483
      },
      "classification_report": {
        "author": {
          "precision": 0.0,
          "recall": 0.0,
          "f1-score": 0.0,
          "support": 88.0
        },
        "doi": {
          "precision": 0.0,
          "recall": 0.0,
          "f1-score": 0.0,
          "support": 2.0
        },
        "journal": {
          "precision": 0.0,
          "recall": 0.0,
          "f1-score": 0.0,
          "support": 214.0
        },
        "other": {
          "precision": 0.0,
          "recall": 0.0,
          "f1-score": 0.0,
          "support": 528.0
        },
        "title": {
          "precision": 0.04871060171919771,
          "recall": 1.0,
          "f1-score": 0.09289617486338798,
          "support": 51.0
        },
        "year": {
          "precision": 0.0,
          "recall": 0.0,
          "f1-score": 0.0,
          "support": 190.0
        },
        "accuracy": 0.047530288909599254,
        "macro avg": {
          "precision": 0.008118433619866285,
          "recall": 0.16666666666666666,
          "f1-score": 0.015482695810564663,
          "support": 1073.0
        },
        "weighted avg": {
          "precision": 0.0023152289726738893,
          "recall": 0.047530288909599254,
          "f1-score": 0.004415382029853483,
          "support": 1073.0
        }
      },
      "domain_metrics": {
        "arxiv.org": {
          "samples": 756,
          "accuracy": 0.06349206349206349,
          "f1_macro": 0.020512820512820513,
          "f1_weighted": 0.007814407814407814
        },
        "cs.cornell.edu": {
          "samples": 317,
          "accuracy": 0.00946372239747634,
          "f1_macro": 0.0037735849056603774,
          "f1_weighted": 0.0001785607999523838
        }
      }
    },
    "random_forest_balanced": {
      "summary": {
        "accuracy": 0.543336439888164,
        "f1_macro": 0.2324357961239211,
        "f1_weighted": 0.44657994574465826
      },
      "classification_report": {
        "author": {
          "precision": 0.425531914893617,
          "recall": 0.22727272727272727,
          "f1-score": 0.2962962962962963,
          "support": 88.0
        },
        "doi": {
          "precision": 0.0,
          "recall": 0.0,
          "f1-score": 0.0,
          "support": 2.0
        },
        "journal": {
          "precision": 0.0,
          "recall": 0.0,
          "f1-score": 0.0,
          "support": 214.0
        },
        "other": {
          "precision": 0.6571072319201995,
          "recall": 0.9981060606060606,
          "f1-score": 0.7924812030075188,
          "support": 528.0
        },
        "title": {
          "precision": 0.10476190476190476,
          "recall": 0.43137254901960786,
          "f1-score": 0.1685823754789272,
          "support": 51.0
        },
        "year": {
          "precision": 1.0,
          "recall": 0.07368421052631578,
          "f1-score": 0.13725490196078433,
          "support": 190.0
        },
        "accuracy": 0.543336439888164,
        "macro avg": {
          "precision": 0.3645668419292869,
          "recall": 0.28840592457078523,
          "f1-score": 0.2324357961239211,
          "support": 1073.0
        },
        "weighted avg": {
          "precision": 0.5403003579751732,
          "recall": 0.543336439888164,
          "f1-score": 0.44657994574465826,
          "support": 1073.0
        }
      },
      "domain_metrics": {
        "arxiv.org": {
          "samples": 756,
          "accuracy": 0.7486772486772487,
          "f1_macro": 0.4384667992331241,
          "f1_weighted": 0.6651154019385717
        },
        "cs.cornell.edu": {
          "samples": 317,
          "accuracy": 0.05362776025236593,
          "f1_macro": 0.05043220821327632,
          "f1_weighted": 0.03614920118948105
        }
      }
    },
    "linear_svc_calibrated": {
      "summary": {
        "accuracy": 0.5368126747437092,
        "f1_macro": 0.24238425312076828,
        "f1_weighted": 0.48098208978356255
      },
      "classification_report": {
        "author": {
          "precision": 0.7894736842105263,
          "recall": 0.17045454545454544,
          "f1-score": 0.2803738317757009,
          "support": 88.0
        },
        "doi": {
          "precision": 0.0,
          "recall": 0.0,
          "f1-score": 0.0,
          "support": 2.0
        },
        "journal": {
          "precision": 0.0,
          "recall": 0.0,
          "f1-score": 0.0,
          "support": 214.0
        },
        "other": {
          "precision": 0.781010719754977,
          "recall": 0.9659090909090909,
          "f1-score": 0.8636748518204911,
          "support": 528.0
        },
        "title": {
          "precision": 0.0962566844919786,
          "recall": 0.7058823529411765,
          "f1-score": 0.16941176470588235,
          "support": 51.0
        },
        "year": {
          "precision": 0.6521739130434783,
          "recall": 0.07894736842105263,
          "f1-score": 0.14084507042253522,
          "support": 190.0
        },
        "accuracy": 0.5368126747437092,
        "macro avg": {
          "precision": 0.3864858335834933,
          "recall": 0.3201988929543109,
          "f1-score": 0.24238425312076828,
          "support": 1073.0
        },
        "weighted avg": {
          "precision": 0.5691234656370047,
          "recall": 0.5368126747437092,
          "f1-score": 0.48098208978356255,
          "support": 1073.0
        }
      },
      "domain_metrics": {
        "arxiv.org": {
          "samples": 756,
          "accuracy": 0.7486772486772487,
          "f1_macro": 0.44507886199684116,
          "f1_weighted": 0.6774311844087104
        },
        "cs.cornell.edu": {
          "samples": 317,
          "accuracy": 0.031545741324921134,
          "f1_macro": 0.07340964199115677,
          "f1_weighted": 0.018252581454919644
        }
      }
    }
  },
  "best_model": "linear_svc_calibrated"
}
