{
  "holdout_domains": [
    "dspace.mit.edu",
    "researchrepository.wvu.edu"
  ],
  "train_rows": 3519,
  "test_rows": 118,
  "model_trained": "logreg_balanced",
  "summary": {
    "accuracy": 0.1864406779661017,
    "f1_macro": 0.09877693651718114,
    "f1_weighted": 0.07553576893083126
  },
  "classification_report": {
    "author": {
      "precision": 0.08333333333333333,
      "recall": 0.2,
      "f1-score": 0.11764705882352941,
      "support": 15.0
    },
    "journal": {
      "precision": 0.0,
      "recall": 0.0,
      "f1-score": 0.0,
      "support": 1.0
    },
    "other": {
      "precision": 0.0,
      "recall": 0.0,
      "f1-score": 0.0,
      "support": 79.0
    },
    "title": {
      "precision": 0.23170731707317074,
      "recall": 1.0,
      "f1-score": 0.37623762376237624,
      "support": 19.0
    },
    "year": {
      "precision": 0.0,
      "recall": 0.0,
      "f1-score": 0.0,
      "support": 4.0
    },
    "accuracy": 0.1864406779661017,
    "macro avg": {
      "precision": 0.06300813008130082,
      "recall": 0.24,
      "f1-score": 0.09877693651718114,
      "support": 118.0
    },
    "weighted avg": {
      "precision": 0.047902025630425796,
      "recall": 0.1864406779661017,
      "f1-score": 0.07553576893083126,
      "support": 118.0
    }
  },
  "per_domain_in_holdout": {
    "dspace.mit.edu": {
      "samples": 43,
      "accuracy": 0.20930232558139536,
      "f1_macro": 0.1
    },
    "researchrepository.wvu.edu": {
      "samples": 75,
      "accuracy": 0.17333333333333334,
      "f1_macro": 0.13214285714285715
    }
  },
  "class_distribution_test": {
    "other": 79,
    "title": 19,
    "author": 15,
    "year": 4,
    "journal": 1
  }
}